Category,SubCategory,Series,ProductName,ProductCode,ProductType,Price,PriceZone2,DisplayOrder,Dimensions,Specifications,Image1
Faucet Series,,CORA BLACK,PILLAR COCK,BL-880001,simple,3899,,1,,"<p>PILLAR COCK from the CORA BLACK series, in Black finish.</p><ul><li>Product code: BL-880001</li><li>Finish: Black</li></ul>",https://x-tral.com/xadmin/uploads/catalogue/products/prod_1790080969_6ab277c9979a7.jpg
Faucet Series,,CORA BLACK,PRINCE SHOWER SS 304 SQUARE - 300MM,BL-880012,simple,13499,,2,300 mm,"<p>PRINCE SHOWER SS 304 SQUARE - 300MM from the CORA BLACK series, in Black finish.</p><ul><li>Product code: BL-880012</li><li>Finish: Black</li><li>Size: 300 mm</li><li>Material: Stainless Steel 304</li></ul>",https://x-tral.com/xadmin/uploads/catalogue/products/prod_1790080969_6ab277c9e8122.jpg
Faucet Series,,CORA BLACK,TALL PILLAR COCK,BL-880101,simple,6499,,3,,"<p>TALL PILLAR COCK from the CORA BLACK series, in Black finish.</p><ul><li>Product code: BL-880101</li><li>Finish: Black</li></ul>",https://x-tral.com/xadmin/uploads/catalogue/products/prod_1790080969_6ab277c9bef7e.jpg
Faucet Series,,CORA BLACK,CONCEALED DIVERTER BODY (HIGH FLOW),BL-991046-ALD,simple,6999,,4,,"<p>CONCEALED DIVERTER BODY (HIGH FLOW) from the CORA BLACK series, in Black finish.</p><ul><li>Product code: BL-991046-ALD</li><li>Finish: Black</li></ul>",https://x-tral.com/xadmin/uploads/catalogue/products/prod_1790080969_6ab277c9dbe2f.jpg
Faucet Series,,CORA BLACK,WASTE COUPLING,BL-880017,simple,899,,5,,"<p>WASTE COUPLING from the CORA BLACK series, in Black finish.</p><ul><li>Product code: BL-880017</li><li>Finish: Black</li></ul>",https://x-tral.com/xadmin/uploads/catalogue/products/prod_1790080970_6ab277ca038c1.jpg
Faucet Series,,CORA BLACK,LONG BODY WITH FLANGE,BL-880003,simple,3599,,6,,"<p>LONG BODY WITH FLANGE from the CORA BLACK series, in Black finish.</p><ul><li>Product code: BL-880003</li><li>Finish: Black</li></ul>",https://x-tral.com/xadmin/uploads/catalogue/products/prod_1790080969_6ab277c9c3f38.jpg
Faucet Series,,CORA BLACK,"SQUARE DRAIN - 6"" X 6"" - 304 SS C LINE",BL-880006,simple,1650,,7,6 x 6 inches,"<p>SQUARE DRAIN - 6&quot; X 6&quot; - 304 SS C LINE from the CORA BLACK series, in Black finish.</p><ul><li>Product code: BL-880006</li><li>Finish: Black</li><li>Size: 6 x 6 inches</li><li>Material: Stainless Steel 304</li></ul>",https://x-tral.com/xadmin/uploads/catalogue/products/prod_1790080969_6ab277c9f30c8.jpg
Faucet Series,,CORA BLACK,2 WAY BIB COCK SINGLE HANDLE WITH FLANGE,BL-880004,simple,3999,,8,,"<p>2 WAY BIB COCK SINGLE HANDLE WITH FLANGE from the CORA BLACK series, in Black finish.</p><ul><li>Product code: BL-880004</li><li>Finish: Black</li></ul>",https://x-tral.com/xadmin/uploads/catalogue/products/prod_1790080969_6ab277c9c7a68.jpg
Faucet Series,,CORA BLACK,"SHOWER DRAIN LINEAR PATTERN - 24""",BL-880024,simple,7990,,9,24 inches,"<p>SHOWER DRAIN LINEAR PATTERN - 24&quot; from the CORA BLACK series, in Black finish.</p><ul><li>Product code: BL-880024</li><li>Finish: Black</li><li>Size: 24 inches</li></ul>",https://x-tral.com/xadmin/uploads/catalogue/products/prod_1790080969_6ab277c9efe52.jpg
Faucet Series,,CORA BLACK,ANGLE COCK WITH FLANGE,BL-880005,simple,2399,,10,,"<p>ANGLE COCK WITH FLANGE from the CORA BLACK series, in Black finish.</p><ul><li>Product code: BL-880005</li><li>Finish: Black</li></ul>",https://x-tral.com/xadmin/uploads/catalogue/products/prod_1790080969_6ab277c9cb82b.jpg
Faucet Series,,CORA BLACK,BATH TUB SPOUT WITH FLANGE,BL-881041,simple,2799,,11,,"<p>BATH TUB SPOUT WITH FLANGE from the CORA BLACK series, in Black finish.</p><ul><li>Product code: BL-881041</li><li>Finish: Black</li></ul>",https://x-tral.com/xadmin/uploads/catalogue/products/6ab7b6c84f8fe_1790424776.jpg
Faucet Series,,CORA BLACK,WALL BUTTON SPOUT WITH FLANGE,BL-881051,simple,3599,,12,,"<p>WALL BUTTON SPOUT WITH FLANGE from the CORA BLACK series, in Black finish.</p><ul><li>Product code: BL-881051</li><li>Finish: Black</li></ul>",https://x-tral.com/xadmin/uploads/catalogue/products/6ab7b6e64c193_1790424806.jpg
Faucet Series,,CORA BLACK,EXPOSED PART KIT OF CON. DIVERTER (HIGH FLOW),BL-881046,simple,4500,,13,,"<p>EXPOSED PART KIT OF CON. DIVERTER (HIGH FLOW) from the CORA BLACK series, in Black finish.</p><ul><li>Product code: BL-881046</li><li>Finish: Black</li></ul>",https://x-tral.com/xadmin/uploads/catalogue/products/prod_1790080969_6ab277c9dffdc.jpg
Faucet Series,,CORA BLACK,PRINCE SHOWER SS 304 SQUARE - 200MM,BL-880008,simple,6699,,14,200 mm,"<p>PRINCE SHOWER SS 304 SQUARE - 200MM from the CORA BLACK series, in Black finish.</p><ul><li>Product code: BL-880008</li><li>Finish: Black</li><li>Size: 200 mm</li><li>Material: Stainless Steel 304</li></ul>",https://x-tral.com/xadmin/uploads/catalogue/products/prod_1790080969_6ab277c9e41e8.jpg
Faucet Series,,CORA BLACK,"SHOWER DRAIN LINEAR PATTERN - 18""",BL-880018,simple,6290,,15,18 inches,"<p>SHOWER DRAIN LINEAR PATTERN - 18&quot; from the CORA BLACK series, in Black finish.</p><ul><li>Product code: BL-880018</li><li>Finish: Black</li><li>Size: 18 inches</li></ul>",https://x-tral.com/xadmin/uploads/catalogue/products/prod_1790080969_6ab277c9ebc88.jpg
BATH ACCESSORIES,,FLORA ROSEGOLD,"TOWEL RACK 24""",RGF-304011,simple,7497,,1,24 inches,"<p>TOWEL RACK 24&quot; from the FLORA ROSEGOLD series, in Rose Gold finish.</p><ul><li>Product code: RGF-304011</li><li>Finish: Rose Gold</li><li>Size: 24 inches</li><li>Material: Stainless Steel 304</li></ul>",https://x-tral.com/xadmin/uploads/catalogue/products/6aba11e36c2ae_1790579171.jpg
BATH ACCESSORIES,,FLORA ROSEGOLD,"TOWEL ROD 24""",RGF-304010,simple,2599,,2,24 inches,"<p>TOWEL ROD 24&quot; from the FLORA ROSEGOLD series, in Rose Gold finish.</p><ul><li>Product code: RGF-304010</li><li>Finish: Rose Gold</li><li>Size: 24 inches</li><li>Material: Stainless Steel 304</li></ul>",https://x-tral.com/xadmin/uploads/catalogue/products/6aba12335ab48_1790579251.jpg
BATH ACCESSORIES,,FLORA ROSEGOLD,TOWEL RING,RGF-304009,simple,1620,,3,,"<p>TOWEL RING from the FLORA ROSEGOLD series, in Rose Gold finish.</p><ul><li>Product code: RGF-304009</li><li>Finish: Rose Gold</li><li>Material: Stainless Steel 304</li></ul>",https://x-tral.com/xadmin/uploads/catalogue/products/6aba12780818e_1790579320.jpg
BATH ACCESSORIES,,FLORA ROSEGOLD,SOAP DISH,RGF-304001,simple,1216,,4,,"<p>SOAP DISH from the FLORA ROSEGOLD series, in Rose Gold finish.</p><ul><li>Product code: RGF-304001</li><li>Finish: Rose Gold</li><li>Material: Stainless Steel 304</li></ul>",https://x-tral.com/xadmin/uploads/catalogue/products/6aba1334a07b4_1790579508.jpg
BATH ACCESSORIES,,FLORA ROSEGOLD,DOUBLE SOAP DISH,RGF-304004,simple,2199,,5,,"<p>DOUBLE SOAP DISH from the FLORA ROSEGOLD series, in Rose Gold finish.</p><ul><li>Product code: RGF-304004</li><li>Finish: Rose Gold</li><li>Material: Stainless Steel 304</li></ul>",https://x-tral.com/xadmin/uploads/catalogue/products/6aba13343c4bf_1790579508.jpg
BATH ACCESSORIES,,FLORA ROSEGOLD,SOAP DISH WITH TUMBLER HOLDER,RGF-304003,simple,2400,,6,,"<p>SOAP DISH WITH TUMBLER HOLDER from the FLORA ROSEGOLD series, in Rose Gold finish.</p><ul><li>Product code: RGF-304003</li><li>Finish: Rose Gold</li><li>Material: Stainless Steel 304</li></ul>",https://x-tral.com/xadmin/uploads/catalogue/products/6aba1333edbf6_1790579507.jpg
BATH ACCESSORIES,,FLORA ROSEGOLD,TUMBLER HOLDER,RGF-304002,simple,1363,,7,,"<p>TUMBLER HOLDER from the FLORA ROSEGOLD series, in Rose Gold finish.</p><ul><li>Product code: RGF-304002</li><li>Finish: Rose Gold</li><li>Material: Stainless Steel 304</li></ul>",https://x-tral.com/xadmin/uploads/catalogue/products/6aba1333f2028_1790579507.jpg
BATH ACCESSORIES,,FLORA ROSEGOLD,LIQUID DISPENSER,RGF-304005,simple,1560,,8,,"<p>LIQUID DISPENSER from the FLORA ROSEGOLD series, in Rose Gold finish.</p><ul><li>Product code: RGF-304005</li><li>Finish: Rose Gold</li><li>Material: Stainless Steel 304</li></ul>",https://x-tral.com/xadmin/uploads/catalogue/products/6aba13339e12f_1790579507.jpg
BATH ACCESSORIES,,FLORA ROSEGOLD,PAPER HOLDER,RGF-304008,simple,2250,,9,,"<p>PAPER HOLDER from the FLORA ROSEGOLD series, in Rose Gold finish.</p><ul><li>Product code: RGF-304008</li><li>Finish: Rose Gold</li><li>Material: Stainless Steel 304</li></ul>",https://x-tral.com/xadmin/uploads/catalogue/products/6aba1332a35c7_1790579506.jpg
BATH ACCESSORIES,,FLORA ROSEGOLD,ROB HOOK,RGF-304007,simple,1080,,10,,"<p>ROB HOOK from the FLORA ROSEGOLD series, in Rose Gold finish.</p><ul><li>Product code: RGF-304007</li><li>Finish: Rose Gold</li><li>Material: Stainless Steel 304</li></ul>",https://x-tral.com/xadmin/uploads/catalogue/products/6aba1327e7e1e_1790579495.jpg
BATH ACCESSORIES,,FLORA GOLD,"TOWEL RACK 24""",GDP-304011,simple,5649,,1,24 inches,"<p>TOWEL RACK 24&quot; from the FLORA GOLD series, in Gold finish.</p><ul><li>Product code: GDP-304011</li><li>Finish: Gold</li><li>Size: 24 inches</li><li>Material: Stainless Steel 304</li></ul>",https://x-tral.com/xadmin/uploads/catalogue/products/6aba11e36b9f7_1790579171.jpg
BATH ACCESSORIES,,FLORA GOLD,"TOWEL ROD 24""",GDP-304010,simple,2099,,2,24 inches,"<p>TOWEL ROD 24&quot; from the FLORA GOLD series, in Gold finish.</p><ul><li>Product code: GDP-304010</li><li>Finish: Gold</li><li>Size: 24 inches</li><li>Material: Stainless Steel 304</li></ul>",https://x-tral.com/xadmin/uploads/catalogue/products/6aba12335a2f2_1790579251.jpg
BATH ACCESSORIES,,FLORA GOLD,TOWEL RING,GDP-304009,simple,1349,,3,,"<p>TOWEL RING from the FLORA GOLD series, in Gold finish.</p><ul><li>Product code: GDP-304009</li><li>Finish: Gold</li><li>Material: Stainless Steel 304</li></ul>",https://x-tral.com/xadmin/uploads/catalogue/products/6aba12780797e_1790579320.jpg
BATH ACCESSORIES,,FLORA GOLD,SOAP DISH,GDP-304001,simple,1249,,4,,"<p>SOAP DISH from the FLORA GOLD series, in Gold finish.</p><ul><li>Product code: GDP-304001</li><li>Finish: Gold</li><li>Material: Stainless Steel 304</li></ul>",https://x-tral.com/xadmin/uploads/catalogue/products/6aba13349fe8b_1790579508.jpg
BATH ACCESSORIES,,FLORA GOLD,DOUBLE SOAP DISH,GDP-304004,simple,2180,,5,,"<p>DOUBLE SOAP DISH from the FLORA GOLD series, in Gold finish.</p><ul><li>Product code: GDP-304004</li><li>Finish: Gold</li><li>Material: Stainless Steel 304</li></ul>",https://x-tral.com/xadmin/uploads/catalogue/products/6aba13343bcee_1790579508.jpg
BATH ACCESSORIES,,FLORA GOLD,SOAP DISH WITH TUMBLER HOLDER,GDP-304003,simple,2380,,6,,"<p>SOAP DISH WITH TUMBLER HOLDER from the FLORA GOLD series, in Gold finish.</p><ul><li>Product code: GDP-304003</li><li>Finish: Gold</li><li>Material: Stainless Steel 304</li></ul>",https://x-tral.com/xadmin/uploads/catalogue/products/6aba1333ed40d_1790579507.jpg
BATH ACCESSORIES,,FLORA GOLD,TUMBLER HOLDER,GDP-304002,simple,1410,,7,,"<p>TUMBLER HOLDER from the FLORA GOLD series, in Gold finish.</p><ul><li>Product code: GDP-304002</li><li>Finish: Gold</li><li>Material: Stainless Steel 304</li></ul>",https://x-tral.com/xadmin/uploads/catalogue/products/6aba1333f187c_1790579507.jpg
BATH ACCESSORIES,,FLORA GOLD,LIQUID DISPENSER,GDP-304005,simple,1649,,8,,"<p>LIQUID DISPENSER from the FLORA GOLD series, in Gold finish.</p><ul><li>Product code: GDP-304005</li><li>Finish: Gold</li><li>Material: Stainless Steel 304</li></ul>",https://x-tral.com/xadmin/uploads/catalogue/products/6aba13339d99f_1790579507.jpg
BATH ACCESSORIES,,FLORA GOLD,PAPER HOLDER,GDP-304008,simple,2320,,9,,"<p>PAPER HOLDER from the FLORA GOLD series, in Gold finish.</p><ul><li>Product code: GDP-304008</li><li>Finish: Gold</li><li>Material: Stainless Steel 304</li></ul>",https://x-tral.com/xadmin/uploads/catalogue/products/6aba1332a2f8f_1790579506.jpg
BATH ACCESSORIES,,FLORA GOLD,ROB HOOK,GDP-304007,simple,860,,10,,"<p>ROB HOOK from the FLORA GOLD series, in Gold finish.</p><ul><li>Product code: GDP-304007</li><li>Finish: Gold</li><li>Material: Stainless Steel 304</li></ul>",https://x-tral.com/xadmin/uploads/catalogue/products/6aba1327e7571_1790579495.jpg
