Category,SubCategory,Series,ProductName,ProductCode,ProductType,Price,PriceZone2,DisplayOrder,Dimensions,Specifications,Image1,ProductID
Faucet Series,,CORA,PILLAR COCK,RG-890001,simple,3099,,118,,"<p>PILLAR COCK from the CORA series, in Rose Gold finish.</p><ul><li>Product code: RG-890001</li><li>Finish: Rose Gold</li></ul>",https://x-tral.com/xadmin/uploads/catalogue/products/6ab7b688ebd62_1790424712.jpg,312
Faucet Series,,CORA,TALL PILLAR COCK,RG-890101,simple,5600,,119,,"<p>TALL PILLAR COCK from the CORA series, in Rose Gold finish.</p><ul><li>Product code: RG-890101</li><li>Finish: Rose Gold</li></ul>",https://x-tral.com/xadmin/uploads/catalogue/products/6ab7b6a2c27e6_1790424738.jpg,313
Faucet Series,,CORA,LONG BODY WITH FLANGE,RG-890003,simple,2800,,120,,"<p>LONG BODY WITH FLANGE from the CORA series, in Rose Gold finish.</p><ul><li>Product code: RG-890003</li><li>Finish: Rose Gold</li></ul>",https://x-tral.com/xadmin/uploads/catalogue/products/prod_1790080969_6ab277c9c38e4.jpg,314
Faucet Series,,CORA,2 WAY BIB COCK SINGLE HANDLE WITH FLANGE,RG-890004,simple,3190,,121,,"<p>2 WAY BIB COCK SINGLE HANDLE WITH FLANGE from the CORA series, in Rose Gold finish.</p><ul><li>Product code: RG-890004</li><li>Finish: Rose Gold</li></ul>",https://x-tral.com/xadmin/uploads/catalogue/products/prod_1790080969_6ab277c9c6fde.jpg,315
Faucet Series,,CORA,ANGLE COCK WITH FLANGE,RG-890005,simple,1999,,122,,"<p>ANGLE COCK WITH FLANGE from the CORA series, in Rose Gold finish.</p><ul><li>Product code: RG-890005</li><li>Finish: Rose Gold</li></ul>",https://x-tral.com/xadmin/uploads/catalogue/products/prod_1790080969_6ab277c9cadcc.jpg,316
Faucet Series,,CORA,BATH TUB SPOUT WITH FLANGE,RG-891041,simple,2350,,123,,"<p>BATH TUB SPOUT WITH FLANGE from the CORA series, in Rose Gold finish.</p><ul><li>Product code: RG-891041</li><li>Finish: Rose Gold</li></ul>",https://x-tral.com/xadmin/uploads/catalogue/products/6ab7b6c84f626_1790424776.jpg,317
Faucet Series,,CORA,WALL BUTTON SPOUT WITH FLANGE,RG-891051,simple,2750,,124,,"<p>WALL BUTTON SPOUT WITH FLANGE from the CORA series, in Rose Gold finish.</p><ul><li>Product code: RG-891051</li><li>Finish: Rose Gold</li></ul>",https://x-tral.com/xadmin/uploads/catalogue/products/6ab7b6e64be8e_1790424806.jpg,318
Faucet Series,,CORA,CONCEALED DIVERTER BODY (HIGH FLOW),RG-991046-ALD,simple,6100,,119,,"<p>CONCEALED DIVERTER BODY (HIGH FLOW) from the CORA series, in Rose Gold finish.</p><ul><li>Product code: RG-991046-ALD</li><li>Finish: Rose Gold</li></ul>",https://x-tral.com/xadmin/uploads/catalogue/products/prod_1790080969_6ab277c9dab17.jpg,319
Faucet Series,,CORA,EXPOSED PART KIT OF CON. DIVERTER (HIGH FLOW),RG-891046,simple,3800,,126,,"<p>EXPOSED PART KIT OF CON. DIVERTER (HIGH FLOW) from the CORA series, in Rose Gold finish.</p><ul><li>Product code: RG-891046</li><li>Finish: Rose Gold</li></ul>",https://x-tral.com/xadmin/uploads/catalogue/products/prod_1790080969_6ab277c9de89f.jpg,320
Faucet Series,,CORA,PRINCE SHOWER SS 304 SQUARE - 200MM,RG-890008,simple,4500,,127,200 mm,"<p>PRINCE SHOWER SS 304 SQUARE - 200MM from the CORA series, in Rose Gold finish.</p><ul><li>Product code: RG-890008</li><li>Finish: Rose Gold</li><li>Size: 200 mm</li><li>Material: Stainless Steel 304</li></ul>",https://x-tral.com/xadmin/uploads/catalogue/products/prod_1790080969_6ab277c9e289c.jpg,321
Faucet Series,,CORA,PRINCE SHOWER SS 304 SQUARE - 300MM,RG-890012,simple,7350,,118,300 mm,"<p>PRINCE SHOWER SS 304 SQUARE - 300MM from the CORA series, in Rose Gold finish.</p><ul><li>Product code: RG-890012</li><li>Finish: Rose Gold</li><li>Size: 300 mm</li><li>Material: Stainless Steel 304</li></ul>",https://x-tral.com/xadmin/uploads/catalogue/products/prod_1790080969_6ab277c9e67e8.jpg,322
Faucet Series,,CORA,"SHOWER DRAIN LINEAR PATTERN - 18""",RG-890018,simple,5690,,129,18 inches,"<p>SHOWER DRAIN LINEAR PATTERN - 18&quot; from the CORA series, in Rose Gold finish.</p><ul><li>Product code: RG-890018</li><li>Finish: Rose Gold</li><li>Size: 18 inches</li><li>Material: Stainless Steel 304</li></ul>",https://x-tral.com/xadmin/uploads/catalogue/products/6ab7b71f305e6_1790424863.jpg,323
Faucet Series,,CORA,"SHOWER DRAIN LINEAR PATTERN - 24""",RG-890024,simple,7590,,121,24 inches,"<p>SHOWER DRAIN LINEAR PATTERN - 24&quot; from the CORA series, in Rose Gold finish.</p><ul><li>Product code: RG-890024</li><li>Finish: Rose Gold</li><li>Size: 24 inches</li><li>Material: Stainless Steel 304</li></ul>",https://x-tral.com/xadmin/uploads/catalogue/products/6ab7b7441cd20_1790424900.jpg,324
Faucet Series,,CORA,"SQUARE DRAIN - 6"" X 6"" - 304 SS C LINE",RG-890006,simple,1430,,120,6 x 6 inches,"<p>SQUARE DRAIN - 6&quot; X 6&quot; - 304 SS C LINE from the CORA series, in Rose Gold finish.</p><ul><li>Product code: RG-890006</li><li>Finish: Rose Gold</li><li>Size: 6 x 6 inches</li><li>Material: Stainless Steel 304</li></ul>",https://x-tral.com/xadmin/uploads/catalogue/products/6ab7b75758919_1790424919.jpg,325
Faucet Series,,CORA,WASTE COUPLING,RG-890017,simple,849,,119,,"<p>WASTE COUPLING from the CORA series, in Rose Gold finish.</p><ul><li>Product code: RG-890017</li><li>Finish: Rose Gold</li></ul>",https://x-tral.com/xadmin/uploads/catalogue/products/6ab7b773710bb_1790424947.jpg,326
BATH ACCESSORIES,,FLORA SERIES,"TOWEL RACK 24""",BF-304014,simple,4710,,394,24 inches,"<p>TOWEL RACK 24&quot; from the FLORA SERIES series, in Chrome finish.</p><ul><li>Product code: BF-304014</li><li>Finish: Chrome</li><li>Size: 24 inches</li><li>Material: Stainless Steel 304</li></ul>",https://x-tral.com/xadmin/uploads/catalogue/products/6aba11e36b13a_1790579171.jpg,592
BATH ACCESSORIES,,FLORA SERIES,DOUBLE SOAP DISH,BF-304005,simple,1240,,398,,"<p>DOUBLE SOAP DISH from the FLORA SERIES series, in Chrome finish.</p><ul><li>Product code: BF-304005</li><li>Finish: Chrome</li><li>Material: Stainless Steel 304</li></ul>",https://x-tral.com/xadmin/uploads/catalogue/products/6aba13343b4e3_1790579508.jpg,593
BATH ACCESSORIES,,FLORA SERIES,SOAP DISH WITH TUMBLER HOLDER,BF-304006,simple,1395,,399,,"<p>SOAP DISH WITH TUMBLER HOLDER from the FLORA SERIES series, in Chrome finish.</p><ul><li>Product code: BF-304006</li><li>Finish: Chrome</li><li>Material: Stainless Steel 304</li></ul>",https://x-tral.com/xadmin/uploads/catalogue/products/6aba1333ecd43_1790579507.jpg,594
BATH ACCESSORIES,,FLORA SERIES,"TOWEL ROD 24""",BF-304010,simple,1599,,395,24 inches,"<p>TOWEL ROD 24&quot; from the FLORA SERIES series, in Chrome finish.</p><ul><li>Product code: BF-304010</li><li>Finish: Chrome</li><li>Size: 24 inches</li><li>Material: Stainless Steel 304</li></ul>",https://x-tral.com/xadmin/uploads/catalogue/products/6aba123359a5b_1790579251.jpg,595
BATH ACCESSORIES,,FLORA SERIES,LIQUID DISPENSER,BF-304007,simple,1050,,401,,"<p>LIQUID DISPENSER from the FLORA SERIES series, in Chrome finish.</p><ul><li>Product code: BF-304007</li><li>Finish: Chrome</li><li>Material: Stainless Steel 304</li></ul>",https://x-tral.com/xadmin/uploads/catalogue/products/6aba13339d249_1790579507.jpg,596
BATH ACCESSORIES,,FLORA SERIES,SOAP DISH,BF-304001,simple,685,,397,,"<p>SOAP DISH from the FLORA SERIES series, in Chrome finish.</p><ul><li>Product code: BF-304001</li><li>Finish: Chrome</li><li>Material: Stainless Steel 304</li></ul>",https://x-tral.com/xadmin/uploads/catalogue/products/6aba13349f644_1790579508.jpg,597
BATH ACCESSORIES,,FLORA SERIES,PAPER HOLDER,BF-304008,simple,1140,,402,,"<p>PAPER HOLDER from the FLORA SERIES series, in Chrome finish.</p><ul><li>Product code: BF-304008</li><li>Finish: Chrome</li><li>Material: Stainless Steel 304</li></ul>",https://x-tral.com/xadmin/uploads/catalogue/products/6aba1332a2963_1790579506.jpg,598
BATH ACCESSORIES,,FLORA SERIES,ROB HOOK,BF-304003,simple,669,,403,,"<p>ROB HOOK from the FLORA SERIES series, in Chrome finish.</p><ul><li>Product code: BF-304003</li><li>Finish: Chrome</li><li>Material: Stainless Steel 304</li></ul>",https://x-tral.com/xadmin/uploads/catalogue/products/6aba1327e6ccc_1790579495.jpg,599
BATH ACCESSORIES,,FLORA SERIES,TOWEL RING,BF-304004,simple,749,,396,,"<p>TOWEL RING from the FLORA SERIES series, in Chrome finish.</p><ul><li>Product code: BF-304004</li><li>Finish: Chrome</li><li>Material: Stainless Steel 304</li></ul>",https://x-tral.com/xadmin/uploads/catalogue/products/6aba127807084_1790579320.jpg,600
BATH ACCESSORIES,,FLORA SERIES,TUMBLER HOLDER,BF-304002,simple,880,,400,,"<p>TUMBLER HOLDER from the FLORA SERIES series, in Chrome finish.</p><ul><li>Product code: BF-304002</li><li>Finish: Chrome</li><li>Material: Stainless Steel 304</li></ul>",https://x-tral.com/xadmin/uploads/catalogue/products/6aba1333f123b_1790579507.jpg,601
